<?xml version="1.0" encoding="utf-8"?>
<LoggingEngine filePrefix="UnifyLog" logDaysKeep="5" minimumLoggingLevel="Normal">
  <LogWriter xmlns="" name="LogWriterFilterDecorator" id="5a9de45c-f31c-45ae-9c76-7453c0aa17f7" enabled="false" displayName="UNIFY Support Email">
    <LogWriter name="LogWriterFilterDecorator">
      <LogWriter name="Email" fromAddress="svcFIM_Service@dbb.local" replyToAddress="rene.pisani@dbb.org.au" senderAddress="svcFIM_Service@dbb.local" smtpHost="smtp.dbb.local" subjectPrefix="CSODBB MIM (PROD): " toAddress="csodbbsupport@unifysolutions.net" />
      <logFilter name="MinimumLoggingLevel" loggingLevel="Verbose" />
    </LogWriter>
    <logFilter name="MinimumSeverityLevel" severity="Error" />
  </LogWriter>
  <LogWriter xmlns="" name="LogWriterFilterDecorator" id="948827cc-8b58-409b-92e6-a66fdaf00fe1" enabled="false" displayName="CSODBB Support Email">
    <LogWriter name="LogWriterFilterDecorator">
      <LogWriter name="Email" fromAddress="svcFIM_Service@dbb.local" replyToAddress="csodbbsupport@unifysolutions.net" senderAddress="svcFIM_Service@dbb.local" smtpHost="smtp.dbb.local" subjectPrefix="MIM (PROD OCCCP-IM301): " toAddress="rene.pisani@dbb.org.au" />
      <logFilter name="MinimumLoggingLevel" loggingLevel="Verbose" />
    </LogWriter>
    <logFilter name="MinimumSeverityLevel" severity="Error" />
  </LogWriter>
  <ScheduledLogTasks />
</LoggingEngine>